{
  "totalEvents": 2152,
  "byType": {
    "engine_error": 45,
    "model_switch": 16,
    "pass_bug": 31,
    "genmove": 1079,
    "analyze": 981
  },
  "byModel": {
    "lionffen_b24c64_3x3_v3_12300.bin.gz": {
      "genmove": 19,
      "analyze": 0,
      "error": 7
    },
    "lionffen_b6c64.txt.gz": {
      "genmove": 0,
      "analyze": 0,
      "error": 2
    },
    "kata9x9-b18c384nbt-20231025.bin.gz": {
      "genmove": 0,
      "analyze": 0,
      "error": 9
    },
    "rect15": {
      "genmove": 11,
      "analyze": 977,
      "error": 14
    },
    "kata9x9": {
      "genmove": 29,
      "analyze": 4,
      "error": 8
    },
    "b24c64": {
      "genmove": 23,
      "analyze": 0,
      "error": 42
    },
    "b6c64": {
      "genmove": 27,
      "analyze": 0,
      "error": 0
    },
    "b18c384nbt-humanv0.bin.gz": {
      "genmove": 0,
      "analyze": 0,
      "error": 1
    },
    "humanv0": {
      "genmove": 970,
      "analyze": 0,
      "error": 6
    }
  },
  "byDifficulty": {
    "easy": {
      "count": 127,
      "avgDurationMs": 5809,
      "errors": 19
    },
    "medium": {
      "count": 20,
      "avgDurationMs": 18255,
      "errors": 9
    },
    "hard": {
      "count": 1001,
      "avgDurationMs": 20658,
      "errors": 10
    }
  },
  "genmove": {
    "count": 1079,
    "avgMs": 19156,
    "p50": 21452,
    "p95": 37833,
    "p99": 40819,
    "maxMs": 63004
  },
  "analyze": {
    "count": 0,
    "avgMs": 0,
    "p50": 0,
    "p95": 0,
    "p99": 0,
    "maxMs": 0
  },
  "errors": {
    "count": 45,
    "breakdown": {
      "Model switch failed: Model verification failed after 413ms: Model verification failed: genmove returned invalid coordinate \"symmetry 4\nwhiteWin 0.073426\nwhiteLoss 0.926574\nnoResult 0.000000\nwhiteLead -0.000\nwhiteScoreSelfplay -0.000\nwhiteScoreSelfplaySq 192.181\nvarTimeLeft 27.726\nshorttermWinlossError 0.000\nshorttermScoreError 4.560\npolicy\n0.002506 0.005670 0.009122 0.006105 0.003728 0.004807 0.006600 0.005098 0.001832 \n0.005843 0.033176 0.021924 0.011201 0.005002 0.006891 0.014228 0.026609 0.004732 \n0.010009 0.023210 0.028817 0.007757 0.003468 0.002677 0.011664 0.015022 0.007040 \n0.009179 0.021937 0.011710 0.006220 0.002780 0.001730 0.002196 0.008629 0.005855 \n0.007789 0.018047 0.013323 0.008076 0.004344 0.002722 0.003123 0.006538 0.004252 \n0.011297 0.031239 0.022745 0.011056 0.006833 0.004830 0.005606 0.012915 0.006157 \n0.012874 0.031710 0.058708 0.019141 0.009556 0.007588 0.020385 0.018804 0.007570 \n0.005968 0.049231 0.034699 0.032955 0.017900 0.021295 0.022361 0.026726 0.004370 \n0.002943 0.006472 0.012981 0.010222 0.006208 0.006742 0.008039 0.005042 0.002780 \npolicyPass 0.000864 \nwhiteOwnership\n-0.0000000 -0.0000000 -0.0000000 -0.0000000 -0.0000000 -0.0000000 -0.0000000 -0.0000000 -0.0000000 \n-0.0000000 -0.0000000 -0.0000000 -0.0000000 -0.0000000 -0.0000000 -0.0000000 -0.0000000 -0.0000000 \n-0.0000000 -0.0000000 -0.0000000 -0.0000000 -0.0000000 -0.0000000 -0.0000000 -0.0000000 -0.0000000 \n-0.0000000 -0.0000000 -0.0000000 -0.0000000 -0.0000000 -0.0000000 -0.0000000 -0.0000000 -0.0000000 \n-0.0000000 -0.0000000 -0.0000000 -0.0000000 -0.0000000 -0.0000000 -0.0000000 -0.0000000 -0.0000000 \n-0.0000000 -0.0000000 -0.0000000 -0.0000000 -0.0000000 -0.0000000 -0.0000000 -0.0000000 -0.0000000 \n-0.0000000 -0.0000000 -0.0000000 -0.0000000 -0.0000000 -0.0000000 -0.0000000 -0.0000000 -0.0000000 \n-0.0000000 -0.0000000 -0.0000000 -0.0000000 -0.0000000 -0.0000000 -0.0000000 -0.0000000 -0.0000000 \n-0.0000000 -0.0000000 -0.0000000 -0.0000000 -0.0000000 -0.0000000 -0.0000000 -0.0000000 -0.0000000\"(?)": 1,
      "Model switch failed: Model verification failed after 793ms: Model verification failed: genmove returned invalid coordinate \"symmetry 4\nwhiteWin 0.073426\nwhiteLoss 0.926574\nnoResult 0.000000\nwhiteLead -0.000\nwhiteScoreSelfplay -0.000\nwhiteScoreSelfplaySq 192.181\nvarTimeLeft 27.726\nshorttermWinlossError 0.000\nshorttermScoreError 4.560\npolicy\n0.002506 0.005670 0.009122 0.006105 0.003728 0.004807 0.006600 0.005098 0.001832 \n0.005843 0.033176 0.021924 0.011201 0.005002 0.006891 0.014228 0.026609 0.004732 \n0.010009 0.023210 0.028817 0.007757 0.003468 0.002677 0.011664 0.015022 0.007040 \n0.009179 0.021937 0.011710 0.006220 0.002780 0.001730 0.002196 0.008629 0.005855 \n0.007789 0.018047 0.013323 0.008076 0.004344 0.002722 0.003123 0.006538 0.004252 \n0.011297 0.031239 0.022745 0.011056 0.006833 0.004830 0.005606 0.012915 0.006157 \n0.012874 0.031710 0.058708 0.019141 0.009556 0.007588 0.020385 0.018804 0.007570 \n0.005968 0.049231 0.034699 0.032955 0.017900 0.021295 0.022361 0.026726 0.004370 \n0.002943 0.006472 0.012981 0.010222 0.006208 0.006742 0.008039 0.005042 0.002780 \npolicyPass 0.000864 \nwhiteOwnership\n-0.0000000 -0.0000000 -0.0000000 -0.0000000 -0.0000000 -0.0000000 -0.0000000 -0.0000000 -0.0000000 \n-0.0000000 -0.0000000 -0.0000000 -0.0000000 -0.0000000 -0.0000000 -0.0000000 -0.0000000 -0.0000000 \n-0.0000000 -0.0000000 -0.0000000 -0.0000000 -0.0000000 -0.0000000 -0.0000000 -0.0000000 -0.0000000 \n-0.0000000 -0.0000000 -0.0000000 -0.0000000 -0.0000000 -0.0000000 -0.0000000 -0.0000000 -0.0000000 \n-0.0000000 -0.0000000 -0.0000000 -0.0000000 -0.0000000 -0.0000000 -0.0000000 -0.0000000 -0.0000000 \n-0.0000000 -0.0000000 -0.0000000 -0.0000000 -0.0000000 -0.0000000 -0.0000000 -0.0000000 -0.0000000 \n-0.0000000 -0.0000000 -0.0000000 -0.0000000 -0.0000000 -0.0000000 -0.0000000 -0.0000000 -0.0000000 \n-0.0000000 -0.0000000 -0.0000000 -0.0000000 -0.0000000 -0.0000000 -0.0000000 -0.0000000 -0.0000000 \n-0.0000000 -0.0000000 -0.0000000 -0.0000000 -0.0000000 -0.0000000 -0.0000000 -0.0000000 -0.0000000\"(?)": 1,
      "Model switch failed: Model verification failed after 249ms: KataGo process exited (code=null): Initializing board with boardXSize 9 boardYSize 9(?)": 1,
      "noEngine(rect15)": 5,
      "engineError(rect15)": 9,
      "engineError(b24c64)": 20,
      "engineError(kata9x9)": 7,
      "noEngine(kata9x9)": 1
    },